-- phpMyAdmin SQL Dump
-- version 4.5.4.1deb2ubuntu2
-- http://www.phpmyadmin.net
--
-- Host: localhost
<<<<<<< Updated upstream
-- Generation Time: Jun 10, 2017 at 01:03 PM
-- Server version: 10.1.23-MariaDB-1~xenial
-- PHP Version: 7.1.5-1+deb.sury.org~xenial+2
=======
-- Generation Time: Jul 15, 2017 at 01:17 PM
-- Server version: 10.1.24-MariaDB-1~xenial
-- PHP Version: 7.1.7-1+ubuntu16.04.1+deb.sury.org+1
>>>>>>> Stashed changes

SET SQL_MODE = "NO_AUTO_VALUE_ON_ZERO";
SET time_zone = "+00:00";


/*!40101 SET @OLD_CHARACTER_SET_CLIENT=@@CHARACTER_SET_CLIENT */;
/*!40101 SET @OLD_CHARACTER_SET_RESULTS=@@CHARACTER_SET_RESULTS */;
/*!40101 SET @OLD_COLLATION_CONNECTION=@@COLLATION_CONNECTION */;
/*!40101 SET NAMES utf8mb4 */;

--
-- Database: `tagyard`
--

-- --------------------------------------------------------

--
-- Table structure for table `groups`
--

CREATE TABLE `groups` (
  `id` mediumint(8) UNSIGNED NOT NULL,
  `name` varchar(20) NOT NULL,
  `description` varchar(100) NOT NULL
) ENGINE=InnoDB DEFAULT CHARSET=utf8;

--
-- Dumping data for table `groups`
--

INSERT INTO `groups` (`id`, `name`, `description`) VALUES
(1, 'admin', 'Administrator'),
(2, 'members', 'Registered User');

-- --------------------------------------------------------

--
-- Table structure for table `login_attempts`
--

CREATE TABLE `login_attempts` (
  `id` int(11) UNSIGNED NOT NULL,
  `ip_address` varchar(15) NOT NULL,
  `login` varchar(100) NOT NULL,
  `time` int(11) UNSIGNED DEFAULT NULL
) ENGINE=InnoDB DEFAULT CHARSET=utf8;

-- --------------------------------------------------------

--
-- Table structure for table `planners`
--

CREATE TABLE `planners` (
  `id` int(11) UNSIGNED NOT NULL,
  `user_id` int(11) UNSIGNED NOT NULL,
  `name` varchar(255) NOT NULL,
  `hashtags` text NOT NULL,
  `status` tinyint(1) NOT NULL DEFAULT '0',
  `created_at` datetime NOT NULL DEFAULT CURRENT_TIMESTAMP,
  `updated_at` datetime NOT NULL DEFAULT CURRENT_TIMESTAMP ON UPDATE CURRENT_TIMESTAMP
) ENGINE=InnoDB DEFAULT CHARSET=latin1;

--
-- Dumping data for table `planners`
--

INSERT INTO `planners` (`id`, `user_id`, `name`, `hashtags`, `status`, `created_at`, `updated_at`) VALUES
<<<<<<< Updated upstream
(1, 1, 'Bali Trip', '["asdasd","rrrr","qeqweqwe","disneyland"]', 0, '2017-05-06 01:42:51', '2017-06-10 02:26:22');
=======
(2, 1, 'eeeeeeeee', '["tedas","asdasd"]', 1, '2017-06-11 01:03:31', '2017-06-11 01:03:51'),
(3, 1, 'Travel To Malaysia', '["malaysia","kuala lumpur","kuala lumpur"]', 0, '2017-07-15 12:03:10', '2017-07-15 12:41:47');
>>>>>>> Stashed changes

-- --------------------------------------------------------

--
-- Table structure for table `planners_tags`
--

CREATE TABLE `planners_tags` (
  `id` int(11) UNSIGNED NOT NULL,
  `tag_id` int(11) UNSIGNED NOT NULL,
  `planner_id` int(11) UNSIGNED NOT NULL,
  `order` int(5) UNSIGNED NOT NULL,
  `created_at` datetime NOT NULL DEFAULT CURRENT_TIMESTAMP,
  `updated_at` datetime NOT NULL DEFAULT CURRENT_TIMESTAMP ON UPDATE CURRENT_TIMESTAMP
) ENGINE=InnoDB DEFAULT CHARSET=latin1;

--
-- Dumping data for table `planners_tags`
--

INSERT INTO `planners_tags` (`id`, `tag_id`, `planner_id`, `order`, `created_at`, `updated_at`) VALUES
(185, 2, 1, 1, '2017-06-10 11:29:42', '2017-06-10 11:29:42'),
(186, 7, 1, 2, '2017-06-10 11:29:42', '2017-06-10 11:29:42'),
(187, 9, 1, 3, '2017-06-10 11:29:42', '2017-06-10 11:29:42'),
(188, 12, 1, 4, '2017-06-10 11:29:42', '2017-06-10 11:29:42'),
<<<<<<< Updated upstream
(189, 11, 1, 5, '2017-06-10 11:29:42', '2017-06-10 11:29:42');
=======
(189, 11, 1, 5, '2017-06-10 11:29:42', '2017-06-10 11:29:42'),
(212, 2, 2, 1, '2017-07-15 12:28:09', '2017-07-15 12:28:09'),
(213, 12, 2, 2, '2017-07-15 12:28:09', '2017-07-15 12:28:09'),
(214, 11, 2, 3, '2017-07-15 12:28:09', '2017-07-15 12:28:09'),
(215, 8, 2, 4, '2017-07-15 12:28:09', '2017-07-15 12:28:09'),
(216, 10, 2, 5, '2017-07-15 12:28:09', '2017-07-15 12:28:09'),
(227, 2, 3, 1, '2017-07-15 12:40:57', '2017-07-15 12:40:57'),
(228, 15, 3, 2, '2017-07-15 12:40:57', '2017-07-15 12:40:57'),
(229, 13, 3, 3, '2017-07-15 12:40:57', '2017-07-15 12:40:57'),
(230, 14, 3, 4, '2017-07-15 12:40:57', '2017-07-15 12:40:57'),
(231, 16, 3, 5, '2017-07-15 12:40:57', '2017-07-15 12:40:57');
>>>>>>> Stashed changes

-- --------------------------------------------------------

--
-- Table structure for table `planner_ratings`
--

CREATE TABLE `planner_ratings` (
  `id` int(11) UNSIGNED NOT NULL,
  `user_id` int(11) UNSIGNED NOT NULL,
  `planner_id` int(11) UNSIGNED NOT NULL,
  `value` int(11) UNSIGNED NOT NULL,
  `created_at` datetime NOT NULL DEFAULT CURRENT_TIMESTAMP,
  `updated_at` datetime NOT NULL DEFAULT CURRENT_TIMESTAMP ON UPDATE CURRENT_TIMESTAMP
) ENGINE=InnoDB DEFAULT CHARSET=latin1;

--
-- Dumping data for table `planner_ratings`
--

INSERT INTO `planner_ratings` (`id`, `user_id`, `planner_id`, `value`, `created_at`, `updated_at`) VALUES
<<<<<<< Updated upstream
(6, 1, 1, 5, '2017-06-10 11:22:59', '2017-06-10 11:22:59');
=======
(6, 1, 1, 5, '2017-06-10 11:22:59', '2017-06-10 11:22:59'),
(7, 1, 2, 4, '2017-06-11 01:14:25', '2017-06-11 01:14:25');
>>>>>>> Stashed changes

-- --------------------------------------------------------

--
-- Table structure for table `planner_remarks`
--

CREATE TABLE `planner_remarks` (
  `id` int(11) UNSIGNED NOT NULL,
  `user_id` int(11) UNSIGNED NOT NULL,
  `planner_id` int(11) UNSIGNED NOT NULL,
  `content` text NOT NULL,
  `created_at` datetime NOT NULL DEFAULT CURRENT_TIMESTAMP,
  `updated_at` datetime NOT NULL DEFAULT CURRENT_TIMESTAMP ON UPDATE CURRENT_TIMESTAMP
) ENGINE=InnoDB DEFAULT CHARSET=latin1;

--
-- Dumping data for table `planner_remarks`
--

INSERT INTO `planner_remarks` (`id`, `user_id`, `planner_id`, `content`, `created_at`, `updated_at`) VALUES
(1, 1, 1, 'Summary remark 1', '2017-06-08 23:21:01', '2017-06-08 23:21:01'),
(2, 1, 1, 'Summary remark 2', '2017-06-08 23:21:05', '2017-06-08 23:21:05'),
(3, 1, 1, 'Summary remark 3', '2017-06-08 23:21:08', '2017-06-08 23:21:08'),
<<<<<<< Updated upstream
(4, 4, 1, 'Summary remark 4', '2017-06-10 11:26:15', '2017-06-10 11:26:15');
=======
(4, 4, 1, 'Summary remark 4', '2017-06-10 11:26:15', '2017-06-10 11:26:15'),
(5, 1, 2, 'asdsad', '2017-06-11 01:14:27', '2017-06-11 01:14:27');
>>>>>>> Stashed changes

-- --------------------------------------------------------

--
-- Table structure for table `tags`
--

CREATE TABLE `tags` (
  `id` int(11) UNSIGNED NOT NULL,
  `user_id` int(11) UNSIGNED NOT NULL,
  `title` varchar(255) NOT NULL,
  `description` text NOT NULL,
  `location_name` varchar(255) NOT NULL,
  `location_image_url` text,
  `latitude` decimal(11,8) NOT NULL,
  `longitude` decimal(11,8) NOT NULL,
  `created_at` datetime NOT NULL DEFAULT CURRENT_TIMESTAMP,
  `updated_at` datetime NOT NULL DEFAULT CURRENT_TIMESTAMP ON UPDATE CURRENT_TIMESTAMP
) ENGINE=InnoDB DEFAULT CHARSET=latin1;

--
-- Dumping data for table `tags`
--

INSERT INTO `tags` (`id`, `user_id`, `title`, `description`, `location_name`, `location_image_url`, `latitude`, `longitude`, `created_at`, `updated_at`) VALUES
(2, 1, 'KLIA Airport', 'Boarding from KLIA Airport at 9.00AM', 'Kuala Lumpur International Airport', 'https://lh3.googleusercontent.com/-WsjlAu7MHoo/V6mDklK39SI/AAAAAAAAACI/nXq0LEOr22E8dptRAICUhwuVC4maK6DZACJkC/w500-h500-k/', '2.74020080', '101.70813730', '2017-05-01 17:54:55', '2017-05-01 17:54:55'),
(3, 1, 'Disneyland Hongkong', 'Go to Disneyland Hongkong at 2PM', 'Hong Kong Disneyland', 'https://lh4.googleusercontent.com/-x9VeRGZcedU/WFXtAz1orYI/AAAAAAAAK1Q/HfMPgmO8H2kZoftH_mK1GQQYoU8gK60zgCLIB/w500-h500-k/', '22.31296660', '114.04128190', '2017-05-05 03:09:56', '2017-05-05 03:09:56'),
(4, 1, 'Arrived in ICON Hotel', 'Go to ICON Hotel in Hong Kong', 'Hotel ICON', 'https://lh3.googleusercontent.com/-guJy4UayJo8/VQFAlvwUt7I/AAAAAAAAAjs/r_s2u9Awia8fBmLpboOACvYkzFm4mTsJgCLIB/w500-h500-k/', '22.30077650', '114.17963180', '2017-05-05 03:10:22', '2017-05-05 03:10:22'),
(6, 4, 'Air Street London', 'asdadads', 'Air Street', 'http://tagyard.dev/assets/img/placeholder.gif', '51.51011380', '-0.13636580', '2017-05-06 13:11:51', '2017-05-06 13:11:51'),
(7, 1, ' Bali Airport', 'Arrived in Bali Airport around 12.00PM', 'Ngurah Rai International Airport', 'https://lh4.googleusercontent.com/-BLLpPtp-nP4/V0_UgcKWW5I/AAAAAAAAORs/_S1uQpgsMpYh-5n-TcAw4EpNbL22TTjnACLIB/w500-h500-k/', '-8.74671720', '115.16678700', '2017-05-16 22:09:15', '2017-05-16 22:09:15'),
(8, 1, 'Kuta Beach Bali', 'Relaxing at Kuta Beach Bali', 'Kuta Beach', 'https://lh3.googleusercontent.com/-_gNuNi-2Sjg/V2Exp_aBqkI/AAAAAAAACy4/6WkldrQxeVIsf5bHERPB2LUNbL7GEVZsACJkC/w500-h500-k/', '-8.71849260', '115.16863220', '2017-05-16 22:10:16', '2017-05-16 22:10:16'),
(9, 1, 'West Bali National Park', 'Visit West Bali National Park, Bali', 'West Bali National Park', 'https://lh4.googleusercontent.com/-AbMntkVUItY/WDI-qWmt69I/AAAAAAAE4Es/U1wbnfWm-AweK0oIS-0i-QtA5WzLublOwCLIB/w500-h500-k/', '-8.12761140', '114.47534010', '2017-05-16 22:10:55', '2017-05-16 22:10:55'),
(10, 1, 'Denpasar Bali', 'Denpasar Bali', 'Denpasar', 'https://lh3.googleusercontent.com/-fiXx7dY3Ntk/WHQyopO9uWI/AAAAAAAAHFo/waF2s57aFjkwyNv0T0niH3awBgI8u1v9QCLIB/w500-h500-k/', '-8.67045820', '115.21262930', '2017-05-16 22:11:30', '2017-05-16 22:11:30'),
(11, 1, 'Ubud Monkey Forest in Bali', 'Ubud Monkey Forest', 'Ubud', 'https://lh3.googleusercontent.com/-Z89IfQR8PJs/WIGxSub0VDI/AAAAAAAAF2M/P6UTuI-vx3Ud5Z46l19kusaiJSFMmI6iQCLIB/w500-h500-k/', '-8.50685360', '115.26247780', '2017-05-16 22:12:21', '2017-05-16 22:12:21'),
<<<<<<< Updated upstream
(12, 1, 'Uluwatu Temple Bali', 'Uluwatu Temple Bali', 'Uluwatu Temple', 'https://lh4.googleusercontent.com/-9z8NyUAmX30/V2rHtKLy6rI/AAAAAAAAAM4/oARF8E_KUmcBzEccq-pJHmm5Z80Hr8JxgCJkC/w500-h500-k/', '-8.82914320', '115.08490690', '2017-05-16 22:13:16', '2017-05-16 22:13:16');
=======
(12, 1, 'Uluwatu Temple Bali', 'Uluwatu Temple Bali', 'Uluwatu Temple', 'https://lh4.googleusercontent.com/-9z8NyUAmX30/V2rHtKLy6rI/AAAAAAAAAM4/oARF8E_KUmcBzEccq-pJHmm5Z80Hr8JxgCJkC/w500-h500-k/', '-8.82914320', '115.08490690', '2017-05-16 22:13:16', '2017-05-16 22:13:16'),
(13, 1, 'Aquaria KLCC', 'Visit Aquaria KLCC', 'Aquaria KLCC', 'https://lh3.googleusercontent.com/p/AF1QipN4eVdgHtMDpqNoNfJtNsFem3glcpkfR7VJ-Swc=w500-h500-k', '3.15377980', '101.71322140', '2017-07-15 12:32:21', '2017-07-15 12:32:21'),
(14, 1, 'Menara Kuala Lumpur', 'Visit Menara Kuala Lumpur', 'Menara Kuala Lumpur', 'https://lh3.googleusercontent.com/p/AF1QipM3L9Rq6NWmXIwf_eoBqG7LFh3kvLQIaDv6Puzs=w500-h500-k', '3.15281520', '101.70365340', '2017-07-15 12:34:24', '2017-07-15 12:34:24'),
(15, 1, 'Batu Caves Temple', 'Visit Batu Caves', 'Batu Caves Temple', 'https://lh3.googleusercontent.com/p/AF1QipN4Uv5XZ1bNzDdEFtgZLY8fEDwpE5qhCeVOwHEd=w500-h500-k', '3.23747290', '101.68396810', '2017-07-15 12:36:33', '2017-07-15 12:36:33'),
(16, 1, 'Genting Highland', 'Visit to Genting Highland', 'Genting Highlands', 'https://lh3.googleusercontent.com/p/AF1QipNDM6s2H7LbbPCBYaTaArOydkyw3sHKANGGojLh=w500-h500-k', '3.42397800', '101.79320110', '2017-07-15 12:39:15', '2017-07-15 12:39:15');
>>>>>>> Stashed changes

-- --------------------------------------------------------

--
-- Table structure for table `tag_files`
--

CREATE TABLE `tag_files` (
  `id` int(11) UNSIGNED NOT NULL,
  `tag_id` int(11) UNSIGNED NOT NULL,
  `filename` text NOT NULL,
  `type` varchar(50) NOT NULL,
  `extension` varchar(10) NOT NULL,
  `size` int(10) NOT NULL,
  `created_at` datetime NOT NULL DEFAULT CURRENT_TIMESTAMP,
  `updated_at` datetime NOT NULL DEFAULT CURRENT_TIMESTAMP ON UPDATE CURRENT_TIMESTAMP
) ENGINE=InnoDB DEFAULT CHARSET=latin1;

--
-- Dumping data for table `tag_files`
--

INSERT INTO `tag_files` (`id`, `tag_id`, `filename`, `type`, `extension`, `size`, `created_at`, `updated_at`) VALUES
(1, 1, 'sample_avatar_5907021c22eed.jpg', 'image/jpeg', '.jpg', 4, '2017-05-01 17:38:36', '2017-05-01 17:38:36'),
(4, 1, 'sample_590703c46417e.mp3', 'audio/mpeg', '.mp3', 42, '2017-05-01 17:45:40', '2017-05-01 17:45:40'),
(7, 2, 'sample_video_590705efd8b4e.mp4', 'video/mp4', '.mp4', 6124, '2017-05-01 17:54:55', '2017-05-01 17:54:55'),
(8, 2, 'klia_593ad60d95e7b.jpg', 'image/jpeg', '.jpg', 224, '2017-06-10 01:08:29', '2017-06-10 01:08:29'),
(9, 2, 'klia2_Level_Maps_593ad8ad1dd29.pdf', 'application/pdf', '.pdf', 3925, '2017-06-10 01:19:41', '2017-06-10 01:19:41'),
(10, 7, 'videoplayback_593adb80ecda3.mp4', 'video/mp4', '.mp4', 11076, '2017-06-10 01:31:44', '2017-06-10 01:31:44'),
(11, 7, 'bali_airport-17_593adb8e33c8a.jpg', 'image/jpeg', '.jpg', 60, '2017-06-10 01:31:58', '2017-06-10 01:31:58'),
(12, 7, 'img_0391_593adb8e3400c.jpg', 'image/jpeg', '.jpg', 72, '2017-06-10 01:31:58', '2017-06-10 01:31:58'),
<<<<<<< Updated upstream
(13, 7, 'Quickview_Bali_593adbd0ca355.pdf', 'application/pdf', '.pdf', 523, '2017-06-10 01:33:04', '2017-06-10 01:33:04');
=======
(13, 7, 'Quickview_Bali_593adbd0ca355.pdf', 'application/pdf', '.pdf', 523, '2017-06-10 01:33:04', '2017-06-10 01:33:04'),
(14, 13, 'aquaria-klcc-1_59699ad556dea.jpg', 'image/jpeg', '.jpg', 185, '2017-07-15 12:32:21', '2017-07-15 12:32:21'),
(15, 13, 'aquaria-klcc-2_59699ad55729f.jpg', 'image/jpeg', '.jpg', 148, '2017-07-15 12:32:21', '2017-07-15 12:32:21'),
(16, 14, 'kl-tower-1_59699b507ee0e.jpg', 'image/jpeg', '.jpg', 78, '2017-07-15 12:34:24', '2017-07-15 12:34:24'),
(17, 14, 'kl-tower-2_59699b507f349.jpg', 'image/jpeg', '.jpg', 145, '2017-07-15 12:34:24', '2017-07-15 12:34:24'),
(18, 15, 'batu-caves-temple-1_59699bd13084a.jpg', 'image/jpeg', '.jpg', 282, '2017-07-15 12:36:33', '2017-07-15 12:36:33'),
(19, 15, 'batu-caves-temple-2_59699bd130d7b.jpg', 'image/jpeg', '.jpg', 195, '2017-07-15 12:36:33', '2017-07-15 12:36:33'),
(20, 16, 'genting-highland-1_59699c72f3d83.jpg', 'image/jpeg', '.jpg', 122, '2017-07-15 12:39:15', '2017-07-15 12:39:15'),
(21, 16, 'genting-highland-2_59699c73005c5.jpg', 'image/jpeg', '.jpg', 598, '2017-07-15 12:39:15', '2017-07-15 12:39:15');
>>>>>>> Stashed changes

-- --------------------------------------------------------

--
-- Table structure for table `tag_ratings`
--

CREATE TABLE `tag_ratings` (
  `id` int(11) UNSIGNED NOT NULL,
  `user_id` int(11) UNSIGNED NOT NULL,
  `tag_id` int(11) UNSIGNED NOT NULL,
  `planner_id` int(11) UNSIGNED NOT NULL,
  `value` int(11) UNSIGNED NOT NULL,
  `created_at` datetime NOT NULL DEFAULT CURRENT_TIMESTAMP,
  `updated_at` datetime NOT NULL DEFAULT CURRENT_TIMESTAMP ON UPDATE CURRENT_TIMESTAMP
) ENGINE=InnoDB DEFAULT CHARSET=latin1;

--
-- Dumping data for table `tag_ratings`
--

INSERT INTO `tag_ratings` (`id`, `user_id`, `tag_id`, `planner_id`, `value`, `created_at`, `updated_at`) VALUES
(5, 1, 2, 1, 5, '2017-06-09 22:42:33', '2017-06-09 22:42:33'),
(10, 1, 4, 1, 5, '2017-06-09 22:46:56', '2017-06-09 22:46:56'),
<<<<<<< Updated upstream
(11, 1, 7, 1, 4, '2017-06-10 11:32:49', '2017-06-10 11:32:49');
=======
(11, 1, 7, 1, 4, '2017-06-10 11:32:49', '2017-06-10 11:32:49'),
(13, 1, 11, 2, 4, '2017-06-11 01:14:20', '2017-06-11 01:14:20');
>>>>>>> Stashed changes

-- --------------------------------------------------------

--
-- Table structure for table `tag_remarks`
--

CREATE TABLE `tag_remarks` (
  `id` int(11) UNSIGNED NOT NULL,
  `user_id` int(11) UNSIGNED NOT NULL,
  `planner_id` int(11) UNSIGNED NOT NULL,
  `tag_id` int(11) UNSIGNED NOT NULL,
  `content` text NOT NULL,
  `created_at` datetime NOT NULL DEFAULT CURRENT_TIMESTAMP,
  `updated_at` datetime NOT NULL DEFAULT CURRENT_TIMESTAMP ON UPDATE CURRENT_TIMESTAMP
) ENGINE=InnoDB DEFAULT CHARSET=latin1;

--
-- Dumping data for table `tag_remarks`
--

INSERT INTO `tag_remarks` (`id`, `user_id`, `planner_id`, `tag_id`, `content`, `created_at`, `updated_at`) VALUES
(1, 4, 1, 2, 'KLIA Airport Remark 1', '2017-06-08 22:34:48', '2017-06-08 22:34:48'),
(2, 4, 1, 7, 'Ngurah Rai Internation Aiport Remark 1', '2017-06-08 22:36:57', '2017-06-08 22:36:57'),
(3, 1, 1, 2, 'KLIA Airport Remark 2', '2017-06-08 22:37:31', '2017-06-08 22:37:31'),
(4, 1, 1, 7, 'Ngurah Rai Internation Aiport Remark 2', '2017-06-08 22:38:21', '2017-06-08 22:38:21'),
(5, 1, 1, 4, 'Hotel ICON Remark 1', '2017-06-08 22:38:50', '2017-06-08 22:38:50'),
(6, 1, 1, 2, 'KLIA Airport Remark 3', '2017-06-10 11:19:56', '2017-06-10 11:19:56'),
(7, 4, 1, 7, 'Ngurah Rai Internation Aiport Remark 1', '2017-06-10 11:26:30', '2017-06-10 11:26:30'),
<<<<<<< Updated upstream
(8, 4, 1, 2, 'KLIA Airport Remark 4', '2017-06-10 11:26:39', '2017-06-10 11:26:39');
=======
(8, 4, 1, 2, 'KLIA Airport Remark 4', '2017-06-10 11:26:39', '2017-06-10 11:26:39'),
(9, 1, 2, 12, 'sadsad', '2017-06-11 01:14:15', '2017-06-11 01:14:15'),
(10, 1, 2, 12, 'sadsadsadasd', '2017-06-11 01:14:17', '2017-06-11 01:14:17');
>>>>>>> Stashed changes

-- --------------------------------------------------------

--
-- Table structure for table `users`
--

CREATE TABLE `users` (
  `id` int(11) UNSIGNED NOT NULL,
  `first_name` varchar(50) DEFAULT NULL,
  `last_name` varchar(50) DEFAULT NULL,
  `email` varchar(100) NOT NULL,
  `avatar` varchar(255) NOT NULL,
  `ip_address` varchar(45) NOT NULL,
  `password` varchar(255) NOT NULL,
  `salt` varchar(255) DEFAULT NULL,
  `activation_code` varchar(40) DEFAULT NULL,
  `forgotten_password_code` varchar(40) DEFAULT NULL,
  `forgotten_password_time` int(11) UNSIGNED DEFAULT NULL,
  `remember_code` varchar(40) DEFAULT NULL,
  `created_on` int(11) UNSIGNED NOT NULL,
  `last_login` int(11) UNSIGNED DEFAULT NULL,
  `active` tinyint(1) UNSIGNED DEFAULT NULL
) ENGINE=InnoDB DEFAULT CHARSET=utf8;

--
-- Dumping data for table `users`
--

INSERT INTO `users` (`id`, `first_name`, `last_name`, `email`, `avatar`, `ip_address`, `password`, `salt`, `activation_code`, `forgotten_password_code`, `forgotten_password_time`, `remember_code`, `created_on`, `last_login`, `active`) VALUES
<<<<<<< Updated upstream
(1, 'Luqmanul', 'Hakim', 'luqmanharun90@yahoo.com', 'fd54f493c2ea7d48a5f149a91efe15d9.png', '127.0.0.1', '$2y$08$HQ5xulQd9I9ErEAMTeOZyeJ/vKKHrEeAY7n8qVRi6At/8gsrijp6q', '', '', NULL, NULL, 'hGHCnQyrOcIaeLUCF/JQvu', 1268889823, 1497065205, 1),
=======
(1, 'Luqman', 'Hakim', 'luqmanharun90@yahoo.com', 'fd54f493c2ea7d48a5f149a91efe15d9.png', '127.0.0.1', '$2y$08$HQ5xulQd9I9ErEAMTeOZyeJ/vKKHrEeAY7n8qVRi6At/8gsrijp6q', '', '', NULL, NULL, 'hGHCnQyrOcIaeLUCF/JQvu', 1268889823, 1500090882, 1),
>>>>>>> Stashed changes
(2, 'Muhammad', 'Faiz', 'asdasd@gmail.com', '', '127.0.0.1', '$2y$08$lMe1Zv7da1SMgwUPEAn8a.1U4D4qh8FLizUryyLWIElx0K3Eu1LvG', NULL, NULL, NULL, NULL, NULL, 1493974428, NULL, 1),
(3, 'Muhammad', 'Firdaus', 'firdaus@gmail.com', '', '127.0.0.1', '$2y$08$KsaJh2vN48FQaDxRbd0jGeEuYJ2WLyqAZqz3vMSL5LqfP9Ls05kZO', NULL, NULL, NULL, NULL, NULL, 1493974448, NULL, 1),
(4, 'Muhammad', 'Fakhzan', 'fakhzan@gmail.com', 'd2de012151df485fd3ff78ef0efdca5a.png', '127.0.0.1', '$2y$08$te5wzsq/5ZZnkBAS8kD8WeDYc44jqIKyd.bfGBz5aPGk79hzv6wIm', NULL, NULL, NULL, NULL, NULL, 1493974468, 1497065153, 1),
(5, 'Muhammad', 'Fahmi', 'fahmi@gmail.com', '', '127.0.0.1', '$2y$08$og5fx.YXZWwosqLs6Uvyhe4lQ8oX211CoC5iG/FZ2ijD/AAEbpD0O', NULL, NULL, NULL, NULL, NULL, 1493974491, NULL, 1),
(6, 'Muhammad', 'Fisol', 'fisolharun@gmail.com', '', '127.0.0.1', '$2y$08$nwAhYFlnx6n7y1kOLtJ5TurE2ArUFovLPP0SA4suw3lK7yMN3uLXm', NULL, NULL, NULL, NULL, NULL, 1493974540, NULL, 1);

-- --------------------------------------------------------

--
-- Table structure for table `users_groups`
--

CREATE TABLE `users_groups` (
  `id` int(11) UNSIGNED NOT NULL,
  `user_id` int(11) UNSIGNED NOT NULL,
  `group_id` mediumint(8) UNSIGNED NOT NULL
) ENGINE=InnoDB DEFAULT CHARSET=utf8;

--
-- Dumping data for table `users_groups`
--

INSERT INTO `users_groups` (`id`, `user_id`, `group_id`) VALUES
(1, 1, 1),
(2, 1, 2),
(3, 2, 2),
(4, 3, 2),
(5, 4, 2),
(6, 5, 2),
(7, 6, 2);

-- --------------------------------------------------------

--
-- Table structure for table `users_planners`
--

CREATE TABLE `users_planners` (
  `id` int(11) UNSIGNED NOT NULL,
  `planner_id` int(11) UNSIGNED NOT NULL,
  `user_id` int(11) UNSIGNED NOT NULL,
  `created_at` datetime NOT NULL DEFAULT CURRENT_TIMESTAMP,
  `updated-at` datetime NOT NULL DEFAULT CURRENT_TIMESTAMP ON UPDATE CURRENT_TIMESTAMP
) ENGINE=InnoDB DEFAULT CHARSET=latin1;

--
-- Dumping data for table `users_planners`
--

INSERT INTO `users_planners` (`id`, `planner_id`, `user_id`, `created_at`, `updated-at`) VALUES
<<<<<<< Updated upstream
(62, 1, 1, '2017-06-10 02:26:22', '2017-06-10 02:26:22'),
(63, 1, 4, '2017-06-10 02:26:22', '2017-06-10 02:26:22'),
(64, 1, 6, '2017-06-10 02:26:22', '2017-06-10 02:26:22'),
(65, 1, 3, '2017-06-10 02:26:22', '2017-06-10 02:26:22');
=======
(66, 1, 1, '2017-06-11 00:49:15', '2017-06-11 00:49:15'),
(67, 1, 4, '2017-06-11 00:49:15', '2017-06-11 00:49:15'),
(68, 1, 6, '2017-06-11 00:49:15', '2017-06-11 00:49:15'),
(69, 1, 3, '2017-06-11 00:49:15', '2017-06-11 00:49:15'),
(78, 2, 1, '2017-06-11 01:03:51', '2017-06-11 01:03:51'),
(79, 2, 4, '2017-06-11 01:03:51', '2017-06-11 01:03:51'),
(80, 2, 3, '2017-06-11 01:03:51', '2017-06-11 01:03:51'),
(81, 2, 6, '2017-06-11 01:03:51', '2017-06-11 01:03:51'),
(84, 3, 1, '2017-07-15 12:41:47', '2017-07-15 12:41:47'),
(85, 3, 3, '2017-07-15 12:41:47', '2017-07-15 12:41:47'),
(86, 3, 4, '2017-07-15 12:41:47', '2017-07-15 12:41:47'),
(87, 3, 6, '2017-07-15 12:41:47', '2017-07-15 12:41:47');
>>>>>>> Stashed changes

--
-- Indexes for dumped tables
--

--
-- Indexes for table `groups`
--
ALTER TABLE `groups`
  ADD PRIMARY KEY (`id`);

--
-- Indexes for table `login_attempts`
--
ALTER TABLE `login_attempts`
  ADD PRIMARY KEY (`id`);

--
-- Indexes for table `planners`
--
ALTER TABLE `planners`
  ADD PRIMARY KEY (`id`);

--
-- Indexes for table `planners_tags`
--
ALTER TABLE `planners_tags`
  ADD PRIMARY KEY (`id`);

--
-- Indexes for table `planner_ratings`
--
ALTER TABLE `planner_ratings`
  ADD PRIMARY KEY (`id`);

--
-- Indexes for table `planner_remarks`
--
ALTER TABLE `planner_remarks`
  ADD PRIMARY KEY (`id`);

--
-- Indexes for table `tags`
--
ALTER TABLE `tags`
  ADD PRIMARY KEY (`id`),
  ADD KEY `user_id` (`user_id`);

--
-- Indexes for table `tag_files`
--
ALTER TABLE `tag_files`
  ADD PRIMARY KEY (`id`);

--
-- Indexes for table `tag_ratings`
--
ALTER TABLE `tag_ratings`
  ADD PRIMARY KEY (`id`);

--
-- Indexes for table `tag_remarks`
--
ALTER TABLE `tag_remarks`
  ADD PRIMARY KEY (`id`);

--
-- Indexes for table `users`
--
ALTER TABLE `users`
  ADD PRIMARY KEY (`id`);

--
-- Indexes for table `users_groups`
--
ALTER TABLE `users_groups`
  ADD PRIMARY KEY (`id`),
  ADD UNIQUE KEY `uc_users_groups` (`user_id`,`group_id`),
  ADD KEY `fk_users_groups_users1_idx` (`user_id`),
  ADD KEY `fk_users_groups_groups1_idx` (`group_id`);

--
-- Indexes for table `users_planners`
--
ALTER TABLE `users_planners`
  ADD PRIMARY KEY (`id`);

--
-- AUTO_INCREMENT for dumped tables
--

--
-- AUTO_INCREMENT for table `groups`
--
ALTER TABLE `groups`
  MODIFY `id` mediumint(8) UNSIGNED NOT NULL AUTO_INCREMENT, AUTO_INCREMENT=3;
--
-- AUTO_INCREMENT for table `login_attempts`
--
ALTER TABLE `login_attempts`
  MODIFY `id` int(11) UNSIGNED NOT NULL AUTO_INCREMENT;
--
-- AUTO_INCREMENT for table `planners`
--
ALTER TABLE `planners`
  MODIFY `id` int(11) UNSIGNED NOT NULL AUTO_INCREMENT, AUTO_INCREMENT=4;
--
-- AUTO_INCREMENT for table `planners_tags`
--
ALTER TABLE `planners_tags`
  MODIFY `id` int(11) UNSIGNED NOT NULL AUTO_INCREMENT, AUTO_INCREMENT=232;
--
-- AUTO_INCREMENT for table `planner_ratings`
--
ALTER TABLE `planner_ratings`
  MODIFY `id` int(11) UNSIGNED NOT NULL AUTO_INCREMENT, AUTO_INCREMENT=8;
--
-- AUTO_INCREMENT for table `planner_remarks`
--
ALTER TABLE `planner_remarks`
  MODIFY `id` int(11) UNSIGNED NOT NULL AUTO_INCREMENT, AUTO_INCREMENT=6;
--
-- AUTO_INCREMENT for table `planners_tags`
--
ALTER TABLE `planners_tags`
  MODIFY `id` int(11) UNSIGNED NOT NULL AUTO_INCREMENT, AUTO_INCREMENT=190;
--
-- AUTO_INCREMENT for table `planner_ratings`
--
ALTER TABLE `planner_ratings`
  MODIFY `id` int(11) UNSIGNED NOT NULL AUTO_INCREMENT, AUTO_INCREMENT=7;
--
-- AUTO_INCREMENT for table `planner_remarks`
--
ALTER TABLE `planner_remarks`
  MODIFY `id` int(11) UNSIGNED NOT NULL AUTO_INCREMENT, AUTO_INCREMENT=5;
--
-- AUTO_INCREMENT for table `tags`
--
ALTER TABLE `tags`
<<<<<<< Updated upstream
  MODIFY `id` int(11) UNSIGNED NOT NULL AUTO_INCREMENT, AUTO_INCREMENT=13;
=======
  MODIFY `id` int(11) UNSIGNED NOT NULL AUTO_INCREMENT, AUTO_INCREMENT=17;
>>>>>>> Stashed changes
--
-- AUTO_INCREMENT for table `tag_files`
--
ALTER TABLE `tag_files`
<<<<<<< Updated upstream
  MODIFY `id` int(11) UNSIGNED NOT NULL AUTO_INCREMENT, AUTO_INCREMENT=14;
=======
  MODIFY `id` int(11) UNSIGNED NOT NULL AUTO_INCREMENT, AUTO_INCREMENT=22;
>>>>>>> Stashed changes
--
-- AUTO_INCREMENT for table `tag_ratings`
--
ALTER TABLE `tag_ratings`
<<<<<<< Updated upstream
  MODIFY `id` int(11) UNSIGNED NOT NULL AUTO_INCREMENT, AUTO_INCREMENT=12;
=======
  MODIFY `id` int(11) UNSIGNED NOT NULL AUTO_INCREMENT, AUTO_INCREMENT=14;
>>>>>>> Stashed changes
--
-- AUTO_INCREMENT for table `tag_remarks`
--
ALTER TABLE `tag_remarks`
<<<<<<< Updated upstream
  MODIFY `id` int(11) UNSIGNED NOT NULL AUTO_INCREMENT, AUTO_INCREMENT=9;
=======
  MODIFY `id` int(11) UNSIGNED NOT NULL AUTO_INCREMENT, AUTO_INCREMENT=11;
>>>>>>> Stashed changes
--
-- AUTO_INCREMENT for table `users`
--
ALTER TABLE `users`
  MODIFY `id` int(11) UNSIGNED NOT NULL AUTO_INCREMENT, AUTO_INCREMENT=7;
--
-- AUTO_INCREMENT for table `users_groups`
--
ALTER TABLE `users_groups`
  MODIFY `id` int(11) UNSIGNED NOT NULL AUTO_INCREMENT, AUTO_INCREMENT=8;
--
-- AUTO_INCREMENT for table `users_planners`
--
ALTER TABLE `users_planners`
<<<<<<< Updated upstream
  MODIFY `id` int(11) UNSIGNED NOT NULL AUTO_INCREMENT, AUTO_INCREMENT=66;
=======
  MODIFY `id` int(11) UNSIGNED NOT NULL AUTO_INCREMENT, AUTO_INCREMENT=88;
>>>>>>> Stashed changes
--
-- Constraints for dumped tables
--

--
-- Constraints for table `users_groups`
--
ALTER TABLE `users_groups`
  ADD CONSTRAINT `fk_users_groups_groups1` FOREIGN KEY (`group_id`) REFERENCES `groups` (`id`) ON DELETE CASCADE ON UPDATE NO ACTION,
  ADD CONSTRAINT `fk_users_groups_users1` FOREIGN KEY (`user_id`) REFERENCES `users` (`id`) ON DELETE CASCADE ON UPDATE NO ACTION;

/*!40101 SET CHARACTER_SET_CLIENT=@OLD_CHARACTER_SET_CLIENT */;
/*!40101 SET CHARACTER_SET_RESULTS=@OLD_CHARACTER_SET_RESULTS */;
/*!40101 SET COLLATION_CONNECTION=@OLD_COLLATION_CONNECTION */;
